sim_time,lat,lon,alt_ft,agl_ft,roll,pitch,heading,roll_rate,pitch_rate,yaw_rate,ias,gs_kt,vs_fps,vn_fps,ve_fps,wow0,wow1,wow2,elevator_trim,rpm,crashed,wind_kt,wind_from,wow,t,cmd_aileron,cmd_elevator,cmd_elevator_trim,cmd_rudder,cmd_throttle,cmd_flaps,cmd_brake,x,y,h,agl,gs_angle,gs_rate,loc_angle,loc_int,track_err,hdg_err,hdg_int,ias_rate,phase,track_des,roll_des,vs_des
0.325,63.93761806,-22.6054658,801.812,725.325,0.0,0.424,10.0,0.0,0.0,0.0,81.645,82.746,1.0335,137.5372,24.2515,0.0,0.0,0.0,-0.03,0.0,0.0,3.7,150.0,0,0.325,-0.11893495998341094,0.1289656877043728,-0.03,-0.11047744033893903,0.6405374400280373,0.3333333333333333,0.0,-2994.8374199246664,0.05180257950838829,655.312,721.825,3.4180244311684693,0.0,0.0004906842369200153,4.906842369200153e-05,9.979992238287878,9.97999999999999,0.0,0.0,final_approach,-0.0006518078323836107,-11.824411440231543,-5.107451828320947
0.6,63.9377399,-22.60541732,801.586,725.398,-0.3903,1.0461,10.3762,-1.4905,2.1881,2.208,78.373,82.233,-1.8023,136.7354,23.8147,0.0,0.0,0.0,-0.03,0.0,0.0,3.7,150.0,0,0.6,-0.11866008965690139,0.11845534835237206,-0.03,-0.11123951341275018,0.6404359548369074,0.3333333333333333,0.0,-2981.2542649932147,2.422277407650453,655.086,721.898,3.430749965273013,0.007712444911844729,0.022995926720290865,0.006372498477888146,9.859891403223685,10.356200000000001,0.0,-1.0816528925619808,final_approach,-0.03100707424791338,-11.760598582295081,-5.1105159310989485
1.6,63.93784248,-22.60537695,801.015,725.128,-1.6603,0.5648,10.9327,-6.1624,-4.5931,1.7227,77.97,81.816,-2.4576,136.0744,23.5086,0.0,0.0,0.0,-0.03,0.0,0.0,3.7,150.0,0,1.6,-0.1184025824310882,0.11517577988365468,-0.03,-0.11195333327701346,0.6403564942685163,0.3333333333333333,0.0,-2969.8182907431733,4.396162557287847,654.515,721.628,3.439548435231702,0.009359860746100254,0.04181426193673102,0.027173421138288852,9.781827557935372,10.912700000000001,0.0,-1.056593538692711,final_approach,-0.05814182293284276,-11.724048810562326,-5.112914486760122
1.75,63.93821256,-22.60523697,795.32,720.249,-8.0226,-3.5201,10.6671,-6.4276,-3.1342,-2.1956,77.145,80.822,-9.008,134.7375,21.3086,0.0,0.0,0.0,-0.03,324.0,0.0,3.7,150.0,0,1.75,-0.07591332833514677,0.03987987714303478,-0.03,-0.11167287435199474,0.6402255703038138,0.3333333333333333,0.0,-2928.5605853980837,11.239903842419409,648.82,716.749,3.45250427699265,0.022195263689470092,0.1076459294279655,0.043184443446792224,8.966839533744405,10.647099999999995,0.0,-1.4605395806297392,final_approach,-0.14665270869809888,-11.175524105772558,-5.1168654065332255
1.817,63.93826783,-22.60521746,793.9,719.101,-8.9971,-3.9721,10.3115,-6.5809,-2.8873,-2.5488,77.078,80.724,-9.8588,134.6609,20.7313,0.0,0.0,0.0,-0.03,365.9,0.0,3.7,150.0,0,1.817,-0.03785920133532167,0.03123543530918338,-0.03,-0.11112482487904435,0.6402369682534114,0.3333333333333333,0.0,-2922.39893239724,12.19362077795234,647.4,715.601,3.451438520390234,0.015844917247653124,0.1169001678144938,0.05092030943333213,8.732080302399282,10.291500000000013,0.0,-1.4186723460270263,final_approach,-0.15971425881948775,-10.99778299695267,-5.116521501770833
1.908,63.93831692,-22.6052006,792.532,717.855,-9.7573,-4.2126,9.9329,-4.4354,-0.582,-3.1715,77.023,80.641,-10.5952,134.6064,20.1533,0.0,0.0,0.0,-0.03,402.1,0.0,3.7,150.0,0,1.908,-0.003768290515011319,0.024960394235778845,-0.03,-0.11031706562345511,0.6402530164611676,0.3333333333333333,0.0,-2916.9262509617934,13.0177448136481,646.032,714.355,3.4499197197738978,0.010422411595871655,0.1249154023187994,0.062133152772395096,8.49508757109163,9.912900000000008,0.0,-1.344647187696904,final_approach,-0.1715367003966719,-10.812179868779939,-5.116037269740048
2.008,63.93835679,-22.60518726,791.36,716.783,-10.1446,-4.2112,9.5693,-2.5632,0.5994,-3.5503,76.974,80.578,-10.9977,134.5789,19.6169,0.0,0.0,0.0,-0.03,431.0,0.0,3.7,150.0,0,2.008,0.017327930593734164,0.022006459648219158,-0.03,-0.10931621770106958,0.6402692861363626,0.3333333333333333,0.0,-2912.481445254439,13.669769700579279,644.86,713.283,3.4483573544347204,0.0060814007645973505,0.13126978564276098,0.07505302082742989,8.273314021808915,9.549299999999988,0.0,-1.2669519888153602,final_approach,-0.18136457899548475,-10.632744839722424,-5.115546334583758
2.433,63.93836292,-22.60518524,791.177,716.499,-10.1864,-4.2007,9.5099,-2.3677,0.7183,-3.5945,76.965,80.569,-11.0405,134.5758,19.529,0.0,0.0,0.0,-0.03,435.4,0.0,3.7,150.0,0,2.433,0.019813244023424048,0.021713416186015376,-0.03,-0.10913127086638685,0.6402719243742557,0.3333333333333333,0.0,-2911.7980583007143,13.768498497022934,644.677,712.999,3.448101793994822,0.004967614190145572,0.13223301321548098,0.1301888003156207,8.236854126333668,9.489900000000006,0.0,-1.1536996689765306,final_approach,-0.1888611778060998,-10.607864977482343,-5.115466724166971
2.508,63.93854068,-22.60513105,785.855,711.652,-10.6645,-3.5821,7.6441,-0.8895,1.3125,-3.8632,76.582,80.261,-10.5315,134.455,16.5147,0.0,0.0,0.0,-0.03,558.5,0.0,3.7,150.0,0,2.508,0.07811985686875417,0.02584760333040631,-0.03,-0.10008207503920213,0.6403468522775918,0.6666666666666666,0.0,-2891.9810264968305,16.416551514982025,639.355,708.152,3.440561819056019,-0.01261582137221862,0.15819033423998974,0.14172760338283089,6.9823936558316575,7.6240999999999985,0.0,-1.51306030513019,final_approach,-0.22434816558851622,-9.480876575054147,-5.113205501107444
2.6,63.93857437,-22.60512185,784.905,710.71,-10.7069,-3.4648,7.2936,0.343,1.2255,-3.7673,76.479,80.184,-10.1962,134.4017,15.8687,0.0,0.0,0.0,-0.03,581.4,0.0,3.7,150.0,0,2.6,0.08861799361905531,0.028760830434338733,-0.03,-0.09765071466391972,0.6403575426370471,0.6666666666666666,0.0,-2888.225217836911,16.865982846936785,638.405,707.21,3.439437604280037,-0.012549805447831158,0.16262376534918294,0.15625435847791505,6.7136918453387295,7.273599999999988,0.0,-1.4772880244266493,final_approach,-0.23182732357616231,-9.218780195089517,-5.112882844484446
2.708,63.9386111,-22.60511222,783.907,709.87,-10.6157,-3.3471,6.9227,1.4831,1.1168,-3.6351,76.356,80.09,-9.793,134.3254,15.1524,0.0,0.0,0.0,-0.03,606.2,0.0,3.7,150.0,0,2.708,0.09531469558015426,0.03260122833828474,-0.03,-0.09481730174382341,0.6403671868469026,0.6666666666666666,0.0,-2884.1305125368167,17.33636318743857,637.407,706.37,3.4384119630906835,-0.012040950819725721,0.16727446770340454,0.17375748529936227,6.415968508100633,6.90270000000001,0.0,-1.446524466650493,final_approach,-0.23992871485230083,-8.919628314527142,-5.112591755052424
2.808,63.93865087,-22.60510229,782.872,708.883,-10.4185,-3.2309,6.5371,2.1588,1.0198,-3.4659,76.211,79.977,-9.3308,134.2179,14.3763,0.0,0.0,0.0,-0.03,632.9,0.0,3.7,150.0,0,2.808,0.09927117635495164,0.03747265108985756,-0.03,-0.0915857760104069,0.6403752652753094,0.6666666666666666,0.0,-2879.69691282219,17.821323351613046,636.372,705.383,3.4375442229809474,-0.01148035919933163,0.17208218723951835,0.19038651240564952,6.093735508378387,6.517099999999999,0.0,-1.4468404242277177,final_approach,-0.24813805878365613,-8.585112666946362,-5.112347919683884
2.908,63.93868755,-22.60509357,781.961,708.146,-10.185,-3.1326,6.1988,2.5147,0.9374,-3.2802,76.066,79.861,-8.8926,134.0956,13.6671,0.0,0.0,0.0,-0.03,657.3,0.0,3.7,150.0,0,2.908,0.10123636492477467,0.042556397437896624,-0.03,-0.08851033941759207,0.6403805063712293,0.6666666666666666,0.0,-2875.60779692234,18.24712134484342,635.461,704.646,3.4369769432392805,-0.010512432235554568,0.17631515894572408,0.2073834065922031,5.799523343083763,6.178799999999995,0.0,-1.4471276583888306,final_approach,-0.2556320146754061,-8.270495606621289,-5.112189722237307
3.008,63.93872419,-22.60508529,781.095,707.229,-9.9237,-3.042,5.8802,2.7123,0.8677,-3.0706,75.912,79.735,-8.4522,133.9512,12.97,0.0,0.0,0.0,-0.03,681.4,0.0,3.7,150.0,0,3.008,0.10230109066179666,0.04810438004796543,-0.03,-0.08540929897547656,0.6403835439676746,0.6666666666666666,0.0,-2871.523147616505,18.651363654029,634.595,703.729,3.43664658170777,-0.009310962748812886,0.18034540811170863,0.22472666938139998,5.510498307632332,5.860199999999992,0.0,-1.4555705985352971,final_approach,-0.262898065195607,-7.952844440560585,-5.112098034316425
3.125,63.93876078,-22.60507743,780.272,706.627,-9.6469,-2.9579,5.5835,2.8244,0.8059,-2.8419,75.75,79.6,-8.0158,133.7857,12.2884,0.0,0.0,0.0,-0.03,705.2,0.0,3.7,150.0,0,3.125,0.10283961790289231,0.05399977429168204,-0.03,-0.08234419743406368,0.6403845029977427,0.6666666666666666,0.0,-2867.444079330915,19.035030542947066,633.772,703.127,3.4365420363262533,-0.007908060668906348,0.18418195658399827,0.24539952429114031,5.227970500281572,5.563500000000005,0.0,-1.4491201245425827,final_approach,-0.2702850418300109,-7.634637540932703,-5.112069086451626
3.2,63.93879429,-22.60507059,779.556,705.973,-9.3852,-2.8848,5.3317,2.8902,0.7674,-2.6261,75.596,79.468,-7.6233,133.6173,11.6795,0.0,0.0,0.0,-0.03,726.3,0.0,3.7,150.0,0,3.2,0.10307076050085956,0.05959473086212047,-0.03,-0.07961030628580529,0.6403835094038862,0.6666666666666666,0.0,-2863.70837684482,19.368843680096514,633.056,702.473,3.436650347370497,-0.006349359347991531,0.18753019977409763,0.2588507904634698,4.975532142331986,5.311700000000002,0.0,-1.5040485980690097,final_approach,-0.27621329117583926,-7.342909754294825,-5.112099077606526
3.317,63.93883383,-22.60506295,778.756,705.22,-9.0688,-2.8056,5.0608,2.9553,0.6926,-2.3561,75.408,79.305,-7.1701,133.3999,10.981,0.0,0.0,0.0,-0.03,750.6,0.0,3.7,150.0,0,3.317,0.10302987147766512,0.06632911015384463,-0.03,-0.07653495176797764,0.6403800945240788,0.6666666666666666,0.0,-2859.30045594268,19.741617156201517,632.256,701.72,3.437021644880471,-0.004762218958121306,0.19128186533791613,0.2802212506251985,4.685772887708708,5.04079999999999,0.0,-1.5133930534116113,final_approach,-0.28356714111032133,-7.001134693959125,-5.112202153526255
3.4,63.9388642,-22.60505739,778.173,704.737,-8.8206,-2.7479,4.8717,3.0053,0.6663,-2.1588,75.259,79.174,-6.8332,133.2209,10.4612,0.0,0.0,0.0,-0.03,768.6,0.0,3.7,150.0,0,3.4,0.10276220862363422,0.0714761515921607,-0.03,-0.0743071094688873,0.6403758755511935,0.6666666666666666,0.0,-2855.9148123058935,20.012840506943213,631.673,701.237,3.4374783448393793,-0.003051447607855298,0.19402088703931208,0.29554970545606496,4.469949952981892,4.851699999999994,0.0,-1.539010114273427,final_approach,-0.2889050834232272,-6.741247254583847,-5.112329499203675
3.5,63.93890059,-22.60505106,777.51,704.199,-8.5174,-2.685,4.667,3.0642,0.5809,-1.9153,75.077,79.013,-6.4402,132.9941,9.8575,0.0,0.0,0.0,-0.03,789.4,0.0,3.7,150.0,0,3.5,0.10215628657691112,0.07756790178790576,-0.03,-0.07182160434734663,0.6403689789702766,0.6666666666666666,0.0,-2851.8580655336,20.321554773793125,631.01,700.699,3.438220149729443,-0.0013065315231067642,0.19714912102129184,0.3142794518733406,4.219002069891843,4.646999999999991,0.0,-1.5645546493394809,final_approach,-0.29513963169484114,-6.43369373703338,-5.112537662912182
3.608,63.93893994,-22.60504461,776.835,703.46,-8.182,-2.6256,4.4719,3.1338,0.5035,-1.6708,74.877,78.833,-6.0338,132.7352,9.2307,0.0,0.0,0.0,-0.03,810.5,0.0,3.7,150.0,0,3.608,0.1010697101721389,0.08390288073375896,-0.03,-0.0693824540946259,0.6403592896441176,0.6666666666666666,0.0,-2847.47134556417,20.636033106530366,630.335,699.96,3.4392526295706647,0.0005045568190495927,0.20034881382467912,0.3347857177396619,3.9580709367067186,4.451899999999995,0.0,-1.5906725768406078,final_approach,-0.30166885397126464,-6.107963420893848,-5.112830115430576
3.7,63.93897318,-22.60503948,776.297,703.117,-7.8921,-2.5813,4.3266,3.1948,0.4461,-1.4825,74.708,78.679,-5.7222,132.5081,8.7254,0.0,0.0,0.0,-0.03,827.4,0.0,3.7,150.0,0,3.7,0.09970106349779828,0.08875442212980575,-0.03,-0.06752221742226405,0.640349330056985,0.6666666666666666,0.0,-2843.7657710412914,20.886077474524967,629.797,699.617,3.440302416347785,0.002322251655585566,0.20290380014293827,0.35242619115174395,3.7473765664678638,4.306600000000003,0.0,-1.613062026376834,final_approach,-0.30702543743063515,-5.840723732565699,-5.11313071752534
3.808,63.93901239,-22.60503377,775.694,702.641,-7.5422,-2.5356,4.176,3.2694,0.3908,-1.2877,74.51,78.497,-5.426,132.2355,8.1632,0.0,0.0,0.0,-0.03,845.9,0.0,3.7,150.0,0,3.808,0.09740724016473445,0.09337869095120442,-0.03,-0.0655555040551411,0.6403357427164684,0.6666666666666666,0.0,-2839.394670469682,21.164305895961956,629.194,699.141,3.441716456698254,0.004117370747662007,0.20575920315377277,0.3733794508042051,3.5125167991174635,4.156000000000006,0.0,-1.6330866906456016,final_approach,-0.31315168243278535,-5.538629824645435,-5.113540800556141
3.908,63.93905151,-22.60502843,775.119,702.155,-7.1848,-2.4949,4.0447,3.3261,0.3497,-1.1282,74.315,78.315,-5.1944,131.96,7.6373,0.0,0.0,0.0,-0.03,863.0,0.0,3.7,150.0,0,3.908,0.09437688271863881,0.09701623180523497,-0.03,-0.0638093311907833,0.6403205227718203,0.6666666666666666,0.0,-2835.0336091331255,21.424410139916745,628.619,698.655,3.4432765477914864,0.006031294111772535,0.20844215631520122,0.3929790682663779,3.2923481036529836,4.024699999999996,0.0,-1.661896991496008,final_approach,-0.3188979201009552,-5.251366359194467,-5.114000140389521
4.017,63.93908755,-22.6050238,774.609,701.643,-6.8512,-2.4616,3.9375,3.3395,0.3101,-1.0116,74.139,78.149,-5.0259,131.7041,7.1823,0.0,0.0,0.0,-0.03,877.6,0.0,3.7,150.0,0,4.017,0.09098889529817056,0.0996896944519073,-0.03,-0.06236229346567285,0.6403051731126842,0.6666666666666666,0.0,-2831.0159082928494,21.64984868795487,628.109,698.143,3.444825528358966,0.007394550242195395,0.2107792706735959,0.41452618482176545,3.101453821569919,3.9174999999999898,0.0,-1.657604437640242,final_approach,-0.3244086824281176,-4.999950051432338,-5.1144633765709315
4.108,63.93912053,-22.6050198,774.154,701.282,-6.5436,-2.4333,3.848,3.3555,0.2988,-0.9367,73.979,77.997,-4.9037,131.4694,6.7901,0.0,0.0,0.0,-0.03,889.9,0.0,3.7,150.0,0,4.108,0.0874306706817195,0.1016647270299638,-0.03,-0.06113969849331874,0.6402902348868679,0.6666666666666666,0.0,-2827.33933704811,21.84454026007344,627.654,697.782,3.446310493064733,0.008881840780157113,0.21280768464442817,0.4326342880304489,2.936571652427318,3.828000000000003,0.0,-1.6667532849676503,final_approach,-0.3291245420766238,-4.780534744097187,-5.114914178349935
4.2,63.93915345,-22.60501602,773.709,700.903,-6.2377,-2.407,3.7647,3.3022,0.2697,-0.8796,73.823,77.848,-4.805,131.2351,6.4202,0.0,0.0,0.0,-0.03,901.1,0.0,3.7,150.0,0,4.2,0.0835500683713628,0.10329097612049883,-0.03,-0.05999012975950696,0.640274553615953,0.6666666666666666,0.0,-2823.6694581691013,22.02845554667829,627.209,697.403,3.4478464786884135,0.010184116635059378,0.2147333448488332,0.4510630106065816,2.780754718667424,3.7446999999999946,0.0,-1.6693804566899637,final_approach,-0.3337412784588807,-4.5715989690810055,-5.115387384671553
4.3,63.93918929,-22.60501212,773.233,700.552,-5.9106,-2.3811,3.6786,3.2254,0.2448,-0.8414,73.654,77.686,-4.7205,130.9803,6.0412,0.0,0.0,0.0,-0.03,912.3,0.0,3.7,150.0,0,4.3,0.07910636279303618,0.10472987441803869,-0.03,-0.05879026510939006,0.6402566870808484,0.6666666666666666,0.0,-2819.6740651612827,22.218136455504943,626.733,697.052,3.44956925581496,0.011358059073460611,0.2167296587886854,0.47123243311676144,2.620779783347672,3.658600000000007,0.0,-1.6712549606272376,final_approach,-0.33864758827037633,-4.355564548954787,-5.115926511125544
4.417,63.93923103,-22.60500786,772.687,700.066,-5.5399,-2.3536,3.5817,3.1151,0.2232,-0.8235,73.461,77.5,-4.6463,130.6847,5.6294,0.0,0.0,0.0,-0.03,924.1,0.0,3.7,150.0,0,4.417,0.07373078046597498,0.10605244096939241,-0.03,-0.057425941516667245,0.6402349599391474,0.6666666666666666,0.0,-2815.0209532395265,22.42522552156215,626.187,696.566,3.451627074446907,0.012396414800457736,0.21892314483458633,0.49500863457325267,2.4465594760348495,3.561700000000002,0.0,-1.6692838414404552,final_approach,-0.3442207855250423,-4.118678675332964,-5.116582098396229
4.508,63.93926375,-22.60500472,772.263,699.683,-5.2568,-2.3333,3.5061,3.0222,0.2129,-0.8266,73.312,77.356,-4.6027,130.4537,5.3274,0.0,0.0,0.0,-0.03,932.5,0.0,3.7,150.0,0,4.508,0.06936641464072069,0.10687651797033171,-0.03,-0.056351413895176006,0.6402173493431949,0.6666666666666666,0.0,-2811.373380653793,22.57779260453123,625.763,696.183,3.453266498826901,0.013332954421615431,0.2205496144486136,0.5135771232965377,2.318515686890237,3.4860999999999933,0.0,-1.6663819137970177,final_approach,-0.34845925332790273,-3.943547926030094,-5.117113447225396
4.608,63.93929938,-22.60500149,771.805,699.399,-4.9621,-2.3128,3.423,2.8512,0.1957,-0.8369,73.151,77.2,-4.5662,130.2024,5.0179,0.0,0.0,0.0,-0.03,941.1,0.0,3.7,150.0,0,4.608,0.06470448971375181,0.10761251140850134,-0.03,-0.055160235318911344,0.6401975963913362,0.6666666666666666,0.0,-2807.401409219788,22.73465588704884,625.305,695.899,3.455076471193618,0.01412741596254136,0.22223239936409153,0.5340884394886249,2.187042865049392,3.4029999999999916,0.0,-1.661256285270018,final_approach,-0.35299123961571155,-3.76294429988611,-5.117709406468634
4.7,63.93933198,-22.60499869,771.387,699.008,-4.7068,-2.2952,3.3456,2.6896,0.1835,-0.8524,73.005,77.058,-4.5414,129.9728,4.7512,0.0,0.0,0.0,-0.03,948.5,0.0,3.7,150.0,0,4.7,0.0606149711657239,0.10815790867156991,-0.03,-0.05404144181962245,0.6401791283541113,0.6666666666666666,0.0,-2803.7672196576877,22.87056977189187,624.887,695.508,3.4567423098767995,0.014790670336867054,0.22369964792719949,0.5530309358834956,2.0735345539809487,3.3256000000000085,0.0,-1.6545017613126645,final_approach,-0.3570622410956865,-3.6064323701954706,-5.118266571299397
4.8,63.93936748,-22.6049958,770.934,698.678,-4.4459,-2.2773,3.2595,2.5077,0.1725,-0.8719,72.847,76.905,-4.5219,129.7232,4.4773,0.0,0.0,0.0,-0.03,956.2,0.0,3.7,150.0,0,4.8,0.056439585321579944,0.10863814068907165,-0.03,-0.05278651000228629,0.6401585165918638,0.6666666666666666,0.0,-2799.8097460140025,23.010780245236376,624.434,695.178,3.45857276752416,0.01537632135965664,0.2252232064013536,0.5737098200706859,1.9567366498894785,3.2394999999999925,0.0,-1.6477288739206057,final_approach,-0.3614034378973727,-3.444850249634376,-5.118888378857378
4.917,63.93940882,-22.60499264,770.407,698.161,-4.1643,-2.2577,3.1565,2.3035,0.1629,-0.8943,72.665,76.727,-4.5071,129.4333,4.178,0.0,0.0,0.0,-0.03,964.6,0.0,3.7,150.0,0,4.917,0.051976731745261684,0.10907323402858747,-0.03,-0.05127116657331582,0.6401339926739407,0.6666666666666666,0.0,-2795.2012436004284,23.16399177517343,623.907,694.661,3.4607130287559302,0.015862406306509088,0.2269014130235846,0.5980198170961697,1.8288184868976884,3.1365000000000123,0.0,-1.6393494813419554,final_approach,-0.3663582623392294,-3.267335259602735,-5.119628163358193
5.008,63.93944417,-22.60499011,769.957,697.932,-3.9396,-2.2415,3.0662,2.1539,0.1581,-0.9121,72.511,76.576,-4.5,129.186,3.9373,0.0,0.0,0.0,-0.03,971.4,0.0,3.7,150.0,0,5.008,0.048440207944843716,0.10935537968294262,-0.03,-0.04993030637682677,0.6401125595394949,0.6666666666666666,0.0,-2791.260497624059,23.286570343297754,623.457,694.432,3.462551690456355,0.01658618419393138,0.22825589075980987,0.6169771097101208,1.7257066682743414,3.046199999999999,0.0,-1.6441638641570326,final_approach,-0.370282356464255,-3.123533982768466,-5.1202746731491295
5.108,63.93947652,-22.60498791,769.545,697.483,-3.7481,-2.2272,2.9822,2.0237,0.1514,-0.9185,72.371,76.439,-4.4967,128.9599,3.728,0.0,0.0,0.0,-0.03,969.6,0.0,3.7,150.0,0,5.108,0.0454733189185052,0.10955868028606605,-0.03,-0.04867285483908951,0.6400926137839871,0.6666666666666666,0.0,-2787.6541875077487,23.39309771926652,623.045,693.983,3.464237301290425,0.016631171551725672,0.22944162072631097,0.6378646814170514,1.635857328244441,2.9621999999999957,0.0,-1.621967149233667,final_approach,-0.37420223152603427,-2.9985324743367237,-5.120876285223865
5.208,63.93950881,-22.60498583,769.132,697.209,-3.5673,-2.2135,2.898,1.901,0.148,-0.9188,72.231,76.301,-4.4962,128.7334,3.5288,0.0,0.0,0.0,-0.03,964.8,0.0,3.7,150.0,0,5.208,0.042690482400887575,0.10971360681799222,-0.03,-0.04740281212142444,0.6400724934456405,0.6666666666666666,0.0,-2784.0545680477567,23.493748182448343,622.632,693.709,3.4659138505422584,0.016653558379494015,0.23057087489213338,0.6587955533015414,1.5501809229433832,2.877999999999986,0.0,-1.6017883174851515,final_approach,-0.37805261145893354,-2.8791500348715022,-5.12148313153115
5.3,63.93954397,-22.60498369,768.683,696.853,-3.3832,-2.1987,2.8063,1.7588,0.147,-0.9111,72.078,76.151,-4.4983,128.4858,3.3221,0.0,0.0,0.0,-0.03,959.6,0.0,3.7,150.0,0,5.3,0.039945958053581254,0.10983480120324271,-0.03,-0.04600895895572438,0.6400501628439368,0.6666666666666666,0.0,-2780.1350093216743,23.597226589886976,622.183,693.353,3.467747729845659,0.017200210431101422,0.23174200064720032,0.6780955109976257,1.461096822950168,2.7863000000000113,0.0,-1.6073569684647544,final_approach,-0.3817739162691254,-2.7542572932823948,-5.122156604081194
5.4,63.93957907,-22.60498168,768.232,696.436,-3.2141,-2.1839,2.7159,1.6062,0.1474,-0.8932,71.926,76.001,-4.5026,128.2379,3.1254,0.0,0.0,0.0,-0.03,954.3,0.0,3.7,150.0,0,5.4,0.03755215450929983,0.10991216262012474,-0.03,-0.044624227999717214,0.6400276690584213,1.0,0.0,-2776.2221414237233,23.694338147388134,621.732,692.936,3.46956765870814,0.01736672346338608,0.2328518651847119,0.6991203791461049,1.3761300541781907,2.6958999999999946,0.0,-1.5994154258770497,final_approach,-0.38560932352921995,-2.635237040451626,-5.1228349586105
5.517,63.93961993,-22.60497948,767.707,695.985,-3.0357,-2.1669,2.6134,1.4388,0.1358,-0.8594,71.748,75.826,-4.4988,127.9462,2.9066,0.0,0.0,0.0,-0.03,948.2,0.0,3.7,150.0,0,5.517,0.03526596107723401,0.11010897520302614,-0.03,-0.04304172239885812,0.6400009922770554,1.0,0.0,-2771.6671642622846,23.800534376074594,621.207,692.485,3.471692036237252,0.01749844836922026,0.23407835438061136,0.7237809771299666,1.2813850592397387,2.5934000000000026,0.0,-1.5923201618307268,final_approach,-0.39000879729092475,-2.502349985861546,-5.123639410116098
5.608,63.93965196,-22.60497787,767.295,695.711,-2.9081,-2.1555,2.536,1.3251,0.1089,-0.8243,71.604,75.685,-4.4765,127.7117,2.7413,0.0,0.0,0.0,-0.03,943.3,0.0,3.7,150.0,0,5.608,0.03382822618067888,0.11052283822698537,-0.03,-0.041838222931075975,0.6399797407044278,1.0,0.0,-2768.096536792296,23.8781679043846,620.795,692.211,3.4733591228264635,0.017635312449096874,0.23498589622670224,0.7429692247226355,1.2096508874734013,2.515999999999991,0.0,-1.5914199273386294,final_approach,-0.39337038207449737,-2.4015478790099056,-5.124280221886458
5.7,63.93968394,-22.60497634,766.887,695.441,-2.7916,-2.1469,2.4622,1.2063,0.0741,-0.7794,71.458,75.541,-4.4418,127.4726,2.5813,0.0,0.0,0.0,-0.03,938.4,0.0,3.7,150.0,0,5.7,0.03272165873364169,0.11110021739118617,-0.03,-0.04068405950867021,0.6399579504234517,1.0,0.0,-2764.531484527066,23.951883879905804,620.387,691.941,3.4750461709612446,0.017752340328560864,0.2358557498216777,0.7623895147504138,1.1400719306921303,2.442200000000014,0.0,-1.5910141631932204,final_approach,-0.3967085284829004,-2.3037040237944986,-5.124937240942803
5.817,63.93972455,-22.60497454,766.371,694.909,-2.6575,-2.1407,2.3747,1.0911,0.0283,-0.7149,71.268,75.354,-4.3861,127.1616,2.3852,0.0,0.0,0.0,-0.03,932.1,0.0,3.7,150.0,0,5.817,0.03173174388923544,0.11198222888579311,-0.03,-0.039307463317413305,0.6399296384637869,1.0,0.0,-2760.0043833910095,24.038492345345066,619.871,691.409,3.4772058018402388,0.017870014203991858,0.2368928914156969,0.7871326639385238,1.0545843812123792,2.3547000000000082,0.0,-1.5940066596239826,final_approach,-0.4008679447592165,-2.183336780298701,-5.125790845689771
5.908,63.93975639,-22.60497321,765.971,694.704,-2.5599,-2.1392,2.3113,1.0309,-0.002,-0.6623,71.116,75.205,-4.3373,126.9122,2.2368,0.0,0.0,0.0,-0.03,927.2,0.0,3.7,150.0,0,5.908,0.031159538050228086,0.11273358299124459,-0.03,-0.03830462184005817,0.6399067109360447,1.0,0.0,-2756.454941290084,24.102415023020754,619.471,691.204,3.4789290222905476,0.01804775991414855,0.23766791933528136,0.8063728088507542,0.9897211452451131,2.2913000000000068,0.0,-1.6009451151426821,final_approach,-0.40406085854149154,-2.0918961381582495,-5.126482064008233
6.0,63.93979105,-22.60497187,765.54,694.35,-2.4596,-2.1411,2.2479,0.9715,-0.0393,-0.5996,70.948,75.039,-4.2816,126.6351,2.0805,0.0,0.0,0.0,-0.03,921.7,0.0,3.7,150.0,0,6.0,0.03069255810821553,0.11357469021993494,-0.03,-0.037297360583984196,0.6398810146036311,1.0,0.0,-2752.5911346155576,24.166717904139325,619.04,690.85,3.4808341707592474,0.01849115585001479,0.23846055520250817,0.825838303315576,0.9212330865391323,2.2279000000000053,0.0,-1.6214125552680578,final_approach,-0.4073023767001871,-1.995002877341511,-5.127256707284541
6.1,63.93982276,-22.60497072,765.15,694.001,-2.3722,-2.1459,2.1954,0.9346,-0.0698,-0.5414,70.791,74.885,-4.2307,126.3769,1.9421,0.0,0.0,0.0,-0.03,916.8,0.0,3.7,150.0,0,6.1,0.030341482250243412,0.11433179835895138,-0.03,-0.03646000190491455,0.6398567939915273,1.0,0.0,-2749.056187568625,24.221826769317623,618.65,690.501,3.4826055604633464,0.018361612715177264,0.23914991371762528,0.8470005003429532,0.8604249439929958,2.1753999999999962,0.0,-1.6167386866073226,final_approach,-0.4105994985359871,-1.9094745984261348,-5.127986816128367
6.217,63.93986302,-22.60496936,764.66,693.636,-2.2647,-2.1557,2.1361,0.9092,-0.0985,-0.4703,70.588,74.686,-4.1683,126.0426,1.773,0.0,0.0,0.0,-0.03,910.4,0.0,3.7,150.0,0,6.217,0.02993585064574933,0.11524540754901397,-0.03,-0.03551070336300116,0.6398250992165878,1.0,0.0,-2744.568110816018,24.286891613830793,618.16,690.136,3.484889388212027,0.018554659810625672,0.2399779088981897,0.8717746137327038,0.7859078247608124,2.1160999999999888,0.0,-1.6274936001014533,final_approach,-0.41448695232523747,-1.8042869895014508,-5.1289421577022125
6.308,63.93989744,-22.6049683,764.245,693.24,-2.1741,-2.166,2.0916,0.9018,-0.1131,-0.4145,70.413,74.512,-4.1181,125.7515,1.6344,0.0,0.0,0.0,-0.03,904.9,0.0,3.7,150.0,0,6.308,0.029551789531777672,0.11596739034269082,-0.03,-0.03479595416123332,0.6397971961342243,1.0,0.0,-2740.731063346359,24.337485589950866,617.745,689.74,3.4868692632352394,0.019088361240013157,0.24063705357301912,0.8910282026128594,0.7246348525767701,2.0715999999999894,0.0,-1.6543648112810383,final_approach,-0.4175287337036586,-1.7174459288509283,-5.129783145380028
6.408,63.93992892,-22.6049674,763.87,693.008,-2.0918,-2.1771,2.0557,0.8946,-0.1306,-0.3651,70.25,74.351,-4.0747,125.481,1.5124,0.0,0.0,0.0,-0.03,899.9,0.0,3.7,150.0,0,6.408,0.029117015518938194,0.11658041541758976,-0.03,-0.03421788081622851,0.6397708983975147,1.0,0.0,-2737.22176022534,24.38035497297854,617.37,689.508,3.48870999018621,0.018974845951628606,0.24120699370366472,0.9121788079745164,0.6705423227822394,2.0356999999999914,0.0,-1.6521498284373037,final_approach,-0.4206672642610165,-1.6413739672319174,-5.130575692912714
6.5,63.93996034,-22.60496656,763.498,692.71,-2.0098,-2.1893,2.0241,0.8941,-0.1339,-0.3212,70.086,74.189,-4.0416,125.2086,1.3956,0.0,0.0,0.0,-0.03,894.9,0.0,3.7,150.0,0,6.5,0.028607461563798064,0.11704068899765338,-0.03,-0.0337079890138014,0.6397440600680409,1.0,0.0,-2733.7191467345165,24.420287066994426,616.998,689.21,3.4905642753386164,0.019171583858977433,0.24174826818321843,0.9316223003029173,0.6186037277193464,2.004099999999994,0.0,-1.6640097254568396,final_approach,-0.42357527813475215,-1.5681033020968833,-5.131384476867581
6.6,63.93999453,-22.60496573,763.094,692.393,-1.9201,-2.2019,1.9939,0.899,-0.1142,-0.2808,69.909,74.013,-4.0297,124.9128,1.2747,0.0,0.0,0.0,-0.03,889.4,0.0,3.7,150.0,0,6.6,0.02791251101947806,0.11719938771905267,-0.03,-0.03321977438306961,0.6397143226506983,1.0,0.0,-2729.907742848731,24.459621435613617,616.594,688.893,3.492591313480546,0.019354716785697234,0.242297212349775,0.9527466138702183,0.5646670245824339,1.9738999999999862,0.0,-1.673645204960757,final_approach,-0.4266831571465417,-1.4920758617178471,-5.132280560345308
6.7,63.94002865,-22.60496496,762.691,692.049,-1.83,-2.2119,1.9674,0.9024,-0.0825,-0.2478,69.733,73.838,-4.0372,124.6185,1.1604,0.0,0.0,0.0,-0.03,883.9,0.0,3.7,150.0,0,6.7,0.027064739928999715,0.11707654420348948,-0.03,-0.032790648747196005,0.6396841409940547,1.0,0.0,-2726.1041433606188,24.496018904348293,616.191,688.549,3.494620178248403,0.019510371934509375,0.2428174407789334,0.9738525359018777,0.5135010537150606,1.9473999999999876,0.0,-1.6814956408734165,final_approach,-0.42975113552182265,-1.4200709283765516,-5.133189959613432
6.8,63.94006268,-22.60496427,762.286,691.686,-1.7397,-2.2184,1.9438,0.8999,-0.046,-0.2219,69.559,73.664,-4.0586,124.326,1.0526,0.0,0.0,0.0,-0.03,878.4,0.0,3.7,150.0,0,6.8,0.026069302987776877,0.11674304708226071,-0.03,-0.03240792014792071,0.6396538101466757,1.0,0.0,-2722.31057814797,24.528500376977604,615.786,688.186,3.496631336190738,0.019610573182649818,0.24329908914242288,0.994936269696447,0.4650803256405993,1.9238,0.0,-1.6868142189758397,final_approach,-0.4327657998464396,-1.3520431139706819,-5.134103782543068
